{
  "version":"2.0",
  "metadata":{
    "apiVersion":"2019-06-01",
    "endpointPrefix":"vanta",
    "jsonVersion":"1.0",
    "protocol":"json",
    "serviceAbbreviation":"VPCFirewall",
    "serviceFullName":"AWS VPC Firewall",
    "serviceId":"VPCFirewall",
    "signatureVersion":"v4",
    "signingName":"vpcfirewall",
    "targetPrefix":"AWS_VPCFirewall_20190601",
    "uid":"vpcfirewall-2019-06-01"
  },
  "operations":{
    "AssociateFirewallPolicy":{
      "name":"AssociateFirewallPolicy",
      "http":{
        "method":"POST",
        "requestUri":"/"
      },
      "input":{"shape":"AssociateFirewallPolicyRequest"},
      "output":{"shape":"AssociateFirewallPolicyResponse"},
      "errors":[
        {"shape":"InvalidRequestException"},
        {"shape":"InternalServerError"},
        {"shape":"ResourceNotFoundException"},
        {"shape":"ThrottlingException"},
        {"shape":"InvalidTokenException"}
      ]
    },
    "AssociateSubnets":{
      "name":"AssociateSubnets",
      "http":{
        "method":"POST",
        "requestUri":"/"
      },
      "input":{"shape":"AssociateSubnetsRequest"},
      "output":{"shape":"AssociateSubnetsResponse"},
      "errors":[
        {"shape":"InvalidRequestException"},
        {"shape":"InternalServerError"},
        {"shape":"ResourceNotFoundException"},
        {"shape":"ThrottlingException"},
        {"shape":"InvalidTokenException"}
      ]
    },
    "CreateFirewall":{
      "name":"CreateFirewall",
      "http":{
        "method":"POST",
        "requestUri":"/"
      },
      "input":{"shape":"CreateFirewallRequest"},
      "output":{"shape":"CreateFirewallResponse"},
      "errors":[
        {"shape":"InvalidRequestException"},
        {"shape":"LimitExceededException"},
        {"shape":"InternalServerError"},
        {"shape":"ThrottlingException"},
        {"shape":"InsufficientCapacityException"}
      ]
    },
    "CreateFirewallPolicy":{
      "name":"CreateFirewallPolicy",
      "http":{
        "method":"POST",
        "requestUri":"/"
      },
      "input":{"shape":"CreateFirewallPolicyRequest"},
      "output":{"shape":"CreateFirewallPolicyResponse"},
      "errors":[
        {"shape":"LimitExceededException"},
        {"shape":"InvalidRequestException"},
        {"shape":"ThrottlingException"},
        {"shape":"InternalServerError"},
        {"shape":"InsufficientCapacityException"}
      ]
    },
    "CreateRuleGroup":{
      "name":"CreateRuleGroup",
      "http":{
        "method":"POST",
        "requestUri":"/"
      },
      "input":{"shape":"CreateRuleGroupRequest"},
      "output":{"shape":"CreateRuleGroupResponse"},
      "errors":[
        {"shape":"LimitExceededException"},
        {"shape":"InvalidRequestException"},
        {"shape":"ThrottlingException"},
        {"shape":"InternalServerError"},
        {"shape":"InsufficientCapacityException"}
      ]
    },
    "DeleteFirewall":{
      "name":"DeleteFirewall",
      "http":{
        "method":"POST",
        "requestUri":"/"
      },
      "input":{"shape":"DeleteFirewallRequest"},
      "output":{"shape":"DeleteFirewallResponse"},
      "errors":[
        {"shape":"InvalidRequestException"},
        {"shape":"InternalServerError"},
        {"shape":"ResourceNotFoundException"},
        {"shape":"ThrottlingException"},
        {"shape":"UnsupportedOperationException"}
      ]
    },
    "DeleteFirewallPolicy":{
      "name":"DeleteFirewallPolicy",
      "http":{
        "method":"POST",
        "requestUri":"/"
      },
      "input":{"shape":"DeleteFirewallPolicyRequest"},
      "output":{"shape":"DeleteFirewallPolicyResponse"},
      "errors":[
        {"shape":"InvalidRequestException"},
        {"shape":"ResourceNotFoundException"},
        {"shape":"ThrottlingException"},
        {"shape":"InternalServerError"},
        {"shape":"UnsupportedOperationException"},
        {"shape":"InvalidOperationException"}
      ]
    },
    "DeleteRuleGroup":{
      "name":"DeleteRuleGroup",
      "http":{
        "method":"POST",
        "requestUri":"/"
      },
      "input":{"shape":"DeleteRuleGroupRequest"},
      "output":{"shape":"DeleteRuleGroupResponse"},
      "errors":[
        {"shape":"InvalidRequestException"},
        {"shape":"ResourceNotFoundException"},
        {"shape":"ThrottlingException"},
        {"shape":"InternalServerError"},
        {"shape":"UnsupportedOperationException"},
        {"shape":"InvalidOperationException"}
      ]
    },
    "DescribeFirewall":{
      "name":"DescribeFirewall",
      "http":{
        "method":"POST",
        "requestUri":"/"
      },
      "input":{"shape":"DescribeFirewallRequest"},
      "output":{"shape":"DescribeFirewallResponse"},
      "errors":[
        {"shape":"InvalidRequestException"},
        {"shape":"InternalServerError"},
        {"shape":"ResourceNotFoundException"},
        {"shape":"ThrottlingException"}
      ]
    },
    "DescribeFirewallPolicy":{
      "name":"DescribeFirewallPolicy",
      "http":{
        "method":"POST",
        "requestUri":"/"
      },
      "input":{"shape":"DescribeFirewallPolicyRequest"},
      "output":{"shape":"DescribeFirewallPolicyResponse"},
      "errors":[
        {"shape":"InvalidRequestException"},
        {"shape":"ResourceNotFoundException"},
        {"shape":"ThrottlingException"},
        {"shape":"InternalServerError"}
      ]
    },
    "DescribeRuleGroup":{
      "name":"DescribeRuleGroup",
      "http":{
        "method":"POST",
        "requestUri":"/"
      },
      "input":{"shape":"DescribeRuleGroupRequest"},
      "output":{"shape":"DescribeRuleGroupResponse"},
      "errors":[
        {"shape":"InvalidRequestException"},
        {"shape":"ResourceNotFoundException"},
        {"shape":"ThrottlingException"},
        {"shape":"InternalServerError"}
      ]
    },
    "DisassociateSubnets":{
      "name":"DisassociateSubnets",
      "http":{
        "method":"POST",
        "requestUri":"/"
      },
      "input":{"shape":"DisassociateSubnetsRequest"},
      "output":{"shape":"DisassociateSubnetsResponse"},
      "errors":[
        {"shape":"InvalidRequestException"},
        {"shape":"InternalServerError"},
        {"shape":"ResourceNotFoundException"},
        {"shape":"ThrottlingException"},
        {"shape":"InvalidTokenException"}
      ]
    },
    "ListFirewallPolicies":{
      "name":"ListFirewallPolicies",
      "http":{
        "method":"POST",
        "requestUri":"/"
      },
      "input":{"shape":"ListFirewallPoliciesRequest"},
      "output":{"shape":"ListFirewallPoliciesResponse"},
      "errors":[
        {"shape":"InvalidRequestException"},
        {"shape":"ThrottlingException"},
        {"shape":"InternalServerError"}
      ]
    },
    "ListFirewalls":{
      "name":"ListFirewalls",
      "http":{
        "method":"POST",
        "requestUri":"/"
      },
      "input":{"shape":"ListFirewallsRequest"},
      "output":{"shape":"ListFirewallsResponse"},
      "errors":[
        {"shape":"InvalidRequestException"},
        {"shape":"InternalServerError"},
        {"shape":"ThrottlingException"}
      ]
    },
    "ListRuleGroups":{
      "name":"ListRuleGroups",
      "http":{
        "method":"POST",
        "requestUri":"/"
      },
      "input":{"shape":"ListRuleGroupsRequest"},
      "output":{"shape":"ListRuleGroupsResponse"},
      "errors":[
        {"shape":"InvalidRequestException"},
        {"shape":"ThrottlingException"},
        {"shape":"InternalServerError"}
      ]
    },
    "ListTagsForResource":{
      "name":"ListTagsForResource",
      "http":{
        "method":"POST",
        "requestUri":"/"
      },
      "input":{"shape":"ListTagsForResourceRequest"},
      "output":{"shape":"ListTagsForResourceResponse"},
      "errors":[
        {"shape":"ResourceNotFoundException"}
      ]
    },
    "TagResource":{
      "name":"TagResource",
      "http":{
        "method":"POST",
        "requestUri":"/"
      },
      "input":{"shape":"TagResourceRequest"},
      "output":{"shape":"TagResourceResponse"},
      "errors":[
        {"shape":"ResourceNotFoundException"},
        {"shape":"InvalidRequestException"}
      ]
    },
    "UntagResource":{
      "name":"UntagResource",
      "http":{
        "method":"POST",
        "requestUri":"/"
      },
      "input":{"shape":"UntagResourceRequest"},
      "output":{"shape":"UntagResourceResponse"},
      "errors":[
        {"shape":"ResourceNotFoundException"},
        {"shape":"InvalidRequestException"}
      ]
    },
    "UpdateDeleteProtection":{
      "name":"UpdateDeleteProtection",
      "http":{
        "method":"POST",
        "requestUri":"/"
      },
      "input":{"shape":"UpdateDeleteProtectionRequest"},
      "output":{"shape":"UpdateDeleteProtectionResponse"},
      "errors":[
        {"shape":"InvalidRequestException"},
        {"shape":"InternalServerError"},
        {"shape":"ResourceNotFoundException"},
        {"shape":"ThrottlingException"},
        {"shape":"InvalidTokenException"}
      ]
    },
    "UpdateDescription":{
      "name":"UpdateDescription",
      "http":{
        "method":"POST",
        "requestUri":"/"
      },
      "input":{"shape":"UpdateDescriptionRequest"},
      "output":{"shape":"UpdateDescriptionResponse"},
      "errors":[
        {"shape":"InvalidRequestException"},
        {"shape":"InternalServerError"},
        {"shape":"ResourceNotFoundException"},
        {"shape":"ThrottlingException"},
        {"shape":"InvalidTokenException"}
      ]
    },
    "UpdateFirewallPolicy":{
      "name":"UpdateFirewallPolicy",
      "http":{
        "method":"POST",
        "requestUri":"/"
      },
      "input":{"shape":"UpdateFirewallPolicyRequest"},
      "output":{"shape":"UpdateFirewallPolicyResponse"},
      "errors":[
        {"shape":"InvalidRequestException"},
        {"shape":"ResourceNotFoundException"},
        {"shape":"ThrottlingException"},
        {"shape":"InternalServerError"},
        {"shape":"InvalidTokenException"}
      ]
    },
    "UpdateLoggingConfiguration":{
      "name":"UpdateLoggingConfiguration",
      "http":{
        "method":"POST",
        "requestUri":"/"
      },
      "input":{"shape":"UpdateLoggingConfigurationRequest"},
      "output":{"shape":"UpdateLoggingConfigurationResponse"},
      "errors":[
        {"shape":"InvalidRequestException"},
        {"shape":"InternalServerError"},
        {"shape":"ResourceNotFoundException"},
        {"shape":"ThrottlingException"},
        {"shape":"InvalidTokenException"}
      ]
    },
    "UpdateRuleGroup":{
      "name":"UpdateRuleGroup",
      "http":{
        "method":"POST",
        "requestUri":"/"
      },
      "input":{"shape":"UpdateRuleGroupRequest"},
      "output":{"shape":"UpdateRuleGroupResponse"},
      "errors":[
        {"shape":"ResourceNotFoundException"},
        {"shape":"InvalidRequestException"},
        {"shape":"ThrottlingException"},
        {"shape":"InternalServerError"},
        {"shape":"InvalidTokenException"}
      ]
    }
  },
  "shapes":{
    "ActionName":{
      "type":"string",
      "max":255,
      "min":1,
      "pattern":"^([\\p{L}\\p{Z}\\p{N}_.:/=+\\-@]*)$"
    },
    "Address":{
      "type":"structure",
      "members":{
        "AddressDefinition":{"shape":"AddressDefinition"}
      }
    },
    "AddressDefinition":{
      "type":"string",
      "max":255,
      "min":1,
      "pattern":"^([\\p{L}\\p{Z}\\p{N},\\.\\/:\"\\!\\[\\]]*)$"
    },
    "Addresses":{
      "type":"list",
      "member":{"shape":"Address"}
    },
    "AssociateFirewallPolicyRequest":{
      "type":"structure",
      "required":["FirewallPolicyArn"],
      "members":{
        "FirewallArn":{"shape":"ResourceArn"},
        "FirewallName":{"shape":"ResourceName"},
        "FirewallPolicyArn":{"shape":"ResourceArn"},
        "UpdateToken":{"shape":"UpdateToken"}
      }
    },
    "AssociateFirewallPolicyResponse":{
      "type":"structure",
      "members":{
        "Firewall":{"shape":"Firewall"},
        "FirewallStatus":{"shape":"FirewallStatus"},
        "UpdateToken":{"shape":"UpdateToken"}
      }
    },
    "AssociateSubnetsRequest":{
      "type":"structure",
      "required":["SubnetMappings"],
      "members":{
        "FirewallArn":{"shape":"ResourceArn"},
        "FirewallName":{"shape":"ResourceName"},
        "SubnetMappings":{"shape":"SubnetMappings"},
        "UpdateToken":{"shape":"UpdateToken"}
      }
    },
    "AssociateSubnetsResponse":{
      "type":"structure",
      "members":{
        "Firewall":{"shape":"Firewall"},
        "FirewallStatus":{"shape":"FirewallStatus"},
        "UpdateToken":{"shape":"UpdateToken"}
      }
    },
    "Attachment":{
      "type":"structure",
      "members":{
        "SubnetId":{"shape":"AzSubnet"},
        "NetworkInterfaceId":{"shape":"NetworkInterfaceId"},
        "Status":{"shape":"AttachmentStatus"},
        "StatusReason":{"shape":"StatusReason"}
      }
    },
    "AttachmentStatus":{"type":"string"},
    "AvailabilityZone":{"type":"string"},
    "AzSubnet":{
      "type":"string",
      "max":128,
      "min":1,
      "pattern":"^([\\p{L}\\p{N}_.:/=+\\-@]*)$"
    },
    "AzSubnets":{
      "type":"list",
      "member":{"shape":"AzSubnet"}
    },
    "Boolean":{"type":"boolean"},
    "CollectionMember_String":{"type":"string"},
    "ConfigurationSyncState":{
      "type":"string",
      "enum":[
        "PENDING",
        "IN_SYNC"
      ]
    },
    "CreateFirewallPolicyRequest":{
      "type":"structure",
      "required":[
        "FirewallPolicyName",
        "FirewallPolicy"
      ],
      "members":{
        "FirewallPolicyName":{"shape":"ResourceName"},
        "FirewallPolicy":{"shape":"FirewallPolicy"},
        "Description":{"shape":"Description"},
        "Tags":{"shape":"TagList"},
        "DryRun":{"shape":"Boolean"}
      }
    },
    "CreateFirewallPolicyResponse":{
      "type":"structure",
      "required":[
        "FirewallPolicyResponse",
        "UpdateToken"
      ],
      "members":{
        "FirewallPolicyResponse":{"shape":"FirewallPolicyResponse"},
        "UpdateToken":{"shape":"UpdateToken"}
      }
    },
    "CreateFirewallRequest":{
      "type":"structure",
      "required":[
        "FirewallName",
        "FirewallPolicyArn",
        "VpcId",
        "SubnetMappings"
      ],
      "members":{
        "FirewallName":{"shape":"ResourceName"},
        "FirewallPolicyArn":{"shape":"ResourceArn"},
        "VpcId":{"shape":"VpcId"},
        "SubnetMappings":{"shape":"SubnetMappings"},
        "DeleteProtection":{"shape":"Boolean"},
        "Description":{"shape":"Description"},
        "Tags":{"shape":"TagList"}
      }
    },
    "CreateFirewallResponse":{
      "type":"structure",
      "members":{
        "Firewall":{"shape":"Firewall"},
        "FirewallStatus":{"shape":"FirewallStatus"},
        "Tags":{"shape":"TagList"}
      }
    },
    "CreateRuleGroupRequest":{
      "type":"structure",
      "required":[
        "RuleGroupName",
        "Type",
        "Capacity"
      ],
      "members":{
        "RuleGroupName":{"shape":"ResourceName"},
        "RuleGroup":{"shape":"RuleGroup"},
        "Rules":{"shape":"RulesString"},
        "Type":{"shape":"RuleGroupType"},
        "Description":{"shape":"Description"},
        "Capacity":{"shape":"RuleCapacity"},
        "Tags":{"shape":"TagList"},
        "DryRun":{"shape":"Boolean"}
      }
    },
    "CreateRuleGroupResponse":{
      "type":"structure",
      "required":[
        "RuleGroupResponse",
        "UpdateToken"
      ],
      "members":{
        "RuleGroupResponse":{"shape":"RuleGroupResponse"},
        "UpdateToken":{"shape":"UpdateToken"}
      }
    },
    "CustomAction":{
      "type":"structure",
      "members":{
        "PublishMetrics":{"shape":"MetricConfig"},
        "RateLimit":{"shape":"RateLimit"}
      }
    },
    "CustomActionDefinition":{
      "type":"structure",
      "required":[
        "ActionName",
        "CustomAction"
      ],
      "members":{
        "ActionName":{"shape":"ActionName"},
        "CustomAction":{"shape":"CustomAction"}
      }
    },
    "CustomActions":{
      "type":"list",
      "member":{"shape":"CustomActionDefinition"}
    },
    "DeleteFirewallPolicyRequest":{
      "type":"structure",
      "members":{
        "FirewallPolicyName":{"shape":"ResourceName"},
        "FirewallPolicyArn":{"shape":"ResourceArn"}
      }
    },
    "DeleteFirewallPolicyResponse":{
      "type":"structure",
      "required":["FirewallPolicyResponse"],
      "members":{
        "FirewallPolicyResponse":{"shape":"FirewallPolicyResponse"}
      }
    },
    "DeleteFirewallRequest":{
      "type":"structure",
      "members":{
        "FirewallName":{"shape":"ResourceName"},
        "FirewallArn":{"shape":"ResourceArn"}
      }
    },
    "DeleteFirewallResponse":{
      "type":"structure",
      "members":{
        "Firewall":{"shape":"Firewall"},
        "FirewallStatus":{"shape":"FirewallStatus"}
      }
    },
    "DeleteRuleGroupRequest":{
      "type":"structure",
      "members":{
        "RuleGroupName":{"shape":"ResourceName"},
        "RuleGroupArn":{"shape":"ResourceArn"},
        "Type":{"shape":"RuleGroupType"}
      }
    },
    "DeleteRuleGroupResponse":{
      "type":"structure",
      "required":["RuleGroupResponse"],
      "members":{
        "RuleGroupResponse":{"shape":"RuleGroupResponse"}
      }
    },
    "DescribeFirewallPolicyRequest":{
      "type":"structure",
      "members":{
        "FirewallPolicyName":{"shape":"ResourceName"},
        "FirewallPolicyArn":{"shape":"ResourceArn"}
      }
    },
    "DescribeFirewallPolicyResponse":{
      "type":"structure",
      "required":[
        "FirewallPolicyResponse",
        "UpdateToken"
      ],
      "members":{
        "FirewallPolicyResponse":{"shape":"FirewallPolicyResponse"},
        "FirewallPolicy":{"shape":"FirewallPolicy"},
        "UpdateToken":{"shape":"UpdateToken"}
      }
    },
    "DescribeFirewallRequest":{
      "type":"structure",
      "members":{
        "FirewallName":{"shape":"ResourceName"},
        "FirewallArn":{"shape":"ResourceArn"}
      }
    },
    "DescribeFirewallResponse":{
      "type":"structure",
      "members":{
        "Firewall":{"shape":"Firewall"},
        "FirewallStatus":{"shape":"FirewallStatus"},
        "UpdateToken":{"shape":"UpdateToken"}
      }
    },
    "DescribeRuleGroupRequest":{
      "type":"structure",
      "members":{
        "RuleGroupName":{"shape":"ResourceName"},
        "RuleGroupArn":{"shape":"ResourceArn"},
        "Type":{"shape":"RuleGroupType"}
      }
    },
    "DescribeRuleGroupResponse":{
      "type":"structure",
      "required":[
        "RuleGroupResponse",
        "UpdateToken"
      ],
      "members":{
        "RuleGroup":{"shape":"RuleGroup"},
        "RuleGroupResponse":{"shape":"RuleGroupResponse"},
        "UpdateToken":{"shape":"UpdateToken"}
      }
    },
    "Description":{
      "type":"string",
      "max":512,
      "pattern":"^([\\p{L}\\p{Z}\\p{N}\\p{P}+=]*)$"
    },
    "Destination":{
      "type":"string",
      "max":1024,
      "min":1,
      "pattern":"^([\\p{L}\\p{Z}\\p{N}_.,!$/\\-\\[\\]]*)$"
    },
    "Dimension":{
      "type":"structure",
      "required":["Value"],
      "members":{
        "Value":{"shape":"DimensionValue"}
      }
    },
    "DimensionValue":{
      "type":"string",
      "max":255,
      "min":1,
      "pattern":"^([\\p{L}\\p{Z}\\p{N}_.:/=+\\-@]*)$"
    },
    "Dimensions":{
      "type":"list",
      "member":{"shape":"Dimension"},
      "max":1,
      "min":1
    },
    "DisassociateSubnetsRequest":{
      "type":"structure",
      "required":["SubnetIds"],
      "members":{
        "FirewallArn":{"shape":"ResourceArn"},
        "FirewallName":{"shape":"ResourceName"},
        "SubnetIds":{"shape":"AzSubnets"},
        "UpdateToken":{"shape":"UpdateToken"}
      }
    },
    "DisassociateSubnetsResponse":{
      "type":"structure",
      "members":{
        "Firewall":{"shape":"Firewall"},
        "FirewallStatus":{"shape":"FirewallStatus"},
        "UpdateToken":{"shape":"UpdateToken"}
      }
    },
    "ErrorMessage":{"type":"string"},
    "Firewall":{
      "type":"structure",
      "required":[
        "FirewallPolicyArn",
        "VpcId",
        "SubnetMappings"
      ],
      "members":{
        "FirewallName":{"shape":"ResourceName"},
        "FirewallArn":{"shape":"ResourceArn"},
        "FirewallPolicyArn":{"shape":"ResourceArn"},
        "VpcId":{"shape":"VpcId"},
        "SubnetMappings":{"shape":"SubnetMappings"},
        "DeleteProtection":{"shape":"Boolean"},
        "Description":{"shape":"Description"},
        "LoggingConfiguration":{"shape":"LoggingConfiguration"}
      }
    },
    "FirewallMetadata":{
      "type":"structure",
      "members":{
        "FirewallName":{"shape":"ResourceName"},
        "FirewallArn":{"shape":"ResourceArn"}
      }
    },
    "FirewallPolicies":{
      "type":"list",
      "member":{"shape":"FirewallPolicyMetadata"}
    },
    "FirewallPolicy":{
      "type":"structure",
      "required":[
        "StatelessDefaultActions",
        "StatelessFragmentDefaultActions"
      ],
      "members":{
        "StatelessRuleGroupReferences":{"shape":"StatelessRuleGroupReferences"},
        "StatelessDefaultActions":{"shape":"StatelessActions"},
        "StatelessFragmentDefaultActions":{"shape":"StatelessActions"},
        "StatelessCustomActions":{"shape":"CustomActions"},
        "StatefulRuleGroupReferences":{"shape":"StatefulRuleGroupReferences"}
      }
    },
    "FirewallPolicyMetadata":{
      "type":"structure",
      "members":{
        "Name":{"shape":"ResourceName"},
        "Arn":{"shape":"ResourceArn"}
      }
    },
    "FirewallPolicyResponse":{
      "type":"structure",
      "required":[
        "FirewallPolicyName",
        "FirewallPolicyArn"
      ],
      "members":{
        "FirewallPolicyName":{"shape":"ResourceName"},
        "FirewallPolicyArn":{"shape":"ResourceArn"},
        "Description":{"shape":"Description"},
        "FirewallPolicyStatus":{"shape":"ResourceStatus"},
        "Tags":{"shape":"TagList"}
      }
    },
    "FirewallStatus":{
      "type":"structure",
      "required":[
        "Status",
        "ConfigurationSyncStateSummary"
      ],
      "members":{
        "Status":{"shape":"FirewallStatusValue"},
        "ConfigurationSyncStateSummary":{"shape":"ConfigurationSyncState"},
        "SyncStates":{"shape":"SyncStates"}
      }
    },
    "FirewallStatusValue":{
      "type":"string",
      "enum":[
        "PROVISIONING",
        "DELETING",
        "READY",
        "FAILED"
      ]
    },
    "Firewalls":{
      "type":"list",
      "member":{"shape":"FirewallMetadata"}
    },
    "Flags":{
      "type":"list",
      "member":{"shape":"TCPFlag"}
    },
    "GeneratedRulesType":{
      "type":"string",
      "enum":[
        "ALLOWLIST",
        "DENYLIST"
      ]
    },
    "HashMapKey":{
      "type":"string",
      "max":50,
      "min":3,
      "pattern":"^[0-9A-Za-z.\\-_@\\/]+$"
    },
    "HashMapValue":{
      "type":"string",
      "max":1024,
      "min":1,
      "pattern":"[\\s\\S]*$"
    },
    "Header":{
      "type":"structure",
      "required":[
        "Protocol",
        "Source",
        "SourcePort",
        "Direction",
        "Destination",
        "DestinationPort"
      ],
      "members":{
        "Protocol":{"shape":"StatefulRuleProtocol"},
        "Source":{"shape":"Source"},
        "SourcePort":{"shape":"Port"},
        "Direction":{"shape":"StatefulRuleDirection"},
        "Destination":{"shape":"Destination"},
        "DestinationPort":{"shape":"Port"}
      }
    },
    "InsufficientCapacityException":{
      "type":"structure",
      "members":{
        "Message":{"shape":"ErrorMessage"}
      },
      "exception":true,
      "fault":true
    },
    "InternalServerError":{
      "type":"structure",
      "members":{
        "Message":{"shape":"ErrorMessage"}
      },
      "exception":true,
      "fault":true
    },
    "InvalidOperationException":{
      "type":"structure",
      "members":{
        "Message":{"shape":"ErrorMessage"}
      },
      "exception":true
    },
    "InvalidRequestException":{
      "type":"structure",
      "members":{
        "Message":{"shape":"ErrorMessage"}
      },
      "exception":true
    },
    "InvalidTokenException":{
      "type":"structure",
      "members":{
        "Message":{"shape":"ErrorMessage"}
      },
      "exception":true
    },
    "Keyword":{
      "type":"string",
      "max":128,
      "min":1,
      "pattern":".*"
    },
    "LimitExceededException":{
      "type":"structure",
      "members":{
        "Message":{"shape":"ErrorMessage"}
      },
      "exception":true
    },
    "ListFirewallPoliciesRequest":{
      "type":"structure",
      "required":["MaxResults"],
      "members":{
        "MaxResults":{"shape":"PaginationMaxResults"},
        "NextToken":{"shape":"PaginationToken"}
      }
    },
    "ListFirewallPoliciesResponse":{
      "type":"structure",
      "required":["FirewallPolicies"],
      "members":{
        "FirewallPolicies":{"shape":"FirewallPolicies"},
        "NextToken":{"shape":"PaginationToken"}
      }
    },
    "ListFirewallsRequest":{
      "type":"structure",
      "members":{
        "VpcIds":{"shape":"VpcIds"},
        "MaxResults":{"shape":"PaginationMaxResults"},
        "NextToken":{"shape":"PaginationToken"}
      }
    },
    "ListFirewallsResponse":{
      "type":"structure",
      "members":{
        "Firewalls":{"shape":"Firewalls"},
        "NextToken":{"shape":"PaginationToken"}
      }
    },
    "ListRuleGroupsRequest":{
      "type":"structure",
      "required":["MaxResults"],
      "members":{
        "MaxResults":{"shape":"PaginationMaxResults"},
        "NextToken":{"shape":"PaginationToken"}
      }
    },
    "ListRuleGroupsResponse":{
      "type":"structure",
      "members":{
        "RuleGroups":{"shape":"RuleGroups"},
        "NextToken":{"shape":"PaginationToken"}
      }
    },
    "ListTagsForResourceRequest":{
      "type":"structure",
      "required":["ResourceARN"],
      "members":{
        "ResourceARN":{"shape":"ResourceArn"}
      }
    },
    "ListTagsForResourceResponse":{
      "type":"structure",
      "members":{
        "Tags":{"shape":"TagList"}
      }
    },
    "LogDestinationConfig":{
      "type":"structure",
      "members":{
        "LogType":{"shape":"LogType"},
        "LogDestinationType":{"shape":"LogDestinationType"},
        "LogDestination":{"shape":"LogDestinationMap"}
      }
    },
    "LogDestinationConfigs":{
      "type":"list",
      "member":{"shape":"LogDestinationConfig"}
    },
    "LogDestinationMap":{
      "type":"map",
      "key":{"shape":"HashMapKey"},
      "value":{"shape":"HashMapValue"}
    },
    "LogDestinationType":{
      "type":"string",
      "enum":[
        "S3",
        "CloudWatchLogs",
        "KinesisDataFirehose"
      ],
      "max":30,
      "min":2,
      "pattern":"[0-9A-Za-z]+"
    },
    "LogType":{
      "type":"string",
      "enum":[
        "ALERT",
        "FLOW"
      ]
    },
    "LoggingConfiguration":{
      "type":"structure",
      "members":{
        "LogDestinationConfigs":{"shape":"LogDestinationConfigs"}
      }
    },
    "MatchAttributes":{
      "type":"structure",
      "members":{
        "Sources":{"shape":"Addresses"},
        "Destinations":{"shape":"Addresses"},
        "SourcePorts":{"shape":"PortRanges"},
        "DestinationPorts":{"shape":"PortRanges"},
        "Protocols":{"shape":"ProtocolNumbers"},
        "TCPFlags":{"shape":"TCPFlags"}
      }
    },
    "MetricConfig":{
      "type":"structure",
      "required":["Dimensions"],
      "members":{
        "Dimensions":{"shape":"Dimensions"}
      }
    },
    "NetworkInterfaceId":{"type":"string"},
    "PacketsPerSecond":{
      "type":"long",
      "max":200000000,
      "min":1000
    },
    "PaginationMaxResults":{
      "type":"integer",
      "max":100,
      "min":1
    },
    "PaginationToken":{
      "type":"string",
      "max":2048,
      "min":1,
      "pattern":"^([\\p{L}\\p{Z}\\p{N}_.:/=+\\-@]*)$"
    },
    "PerObjectStatus":{
      "type":"string",
      "enum":[
        "PENDING",
        "IN_SYNC"
      ]
    },
    "Port":{
      "type":"string",
      "max":1024,
      "min":1,
      "pattern":"^([\\p{L}\\p{Z}\\p{N},:!\\[\\]]*)$"
    },
    "PortRange":{
      "type":"structure",
      "required":["FromPort"],
      "members":{
        "FromPort":{"shape":"PortRangeBound"},
        "ToPort":{"shape":"PortRangeBound"}
      }
    },
    "PortRangeBound":{
      "type":"integer",
      "max":65535,
      "min":0
    },
    "PortRanges":{
      "type":"list",
      "member":{"shape":"PortRange"}
    },
    "Priority":{
      "type":"integer",
      "max":64000,
      "min":1
    },
    "ProtocolNumber":{"type":"integer"},
    "ProtocolNumbers":{
      "type":"list",
      "member":{"shape":"ProtocolNumber"}
    },
    "RateLimit":{
      "type":"structure",
      "required":["PacketsPerSecond"],
      "members":{
        "PacketsPerSecond":{"shape":"PacketsPerSecond"}
      }
    },
    "ResourceArn":{
      "type":"string",
      "max":2048,
      "min":1,
      "pattern":"^arn:aws.*"
    },
    "ResourceName":{
      "type":"string",
      "max":256,
      "min":1,
      "pattern":"^([\\p{L}\\p{Z}\\p{N}_.:/=+\\-@]*)$"
    },
    "ResourceNotFoundException":{
      "type":"structure",
      "members":{
        "Message":{"shape":"ErrorMessage"}
      },
      "exception":true
    },
    "ResourceStatus":{
      "type":"string",
      "enum":[
        "ACTIVE",
        "DELETING"
      ]
    },
    "RuleCapacity":{
      "type":"integer",
      "max":30000,
      "min":1
    },
    "RuleDefinition":{
      "type":"structure",
      "required":[
        "MatchAttributes",
        "Actions"
      ],
      "members":{
        "MatchAttributes":{"shape":"MatchAttributes"},
        "Actions":{"shape":"StatelessActions"}
      }
    },
    "RuleGroup":{
      "type":"structure",
      "required":["RulesSource"],
      "members":{
        "RulesSource":{"shape":"RulesSource"}
      }
    },
    "RuleGroupMetadata":{
      "type":"structure",
      "members":{
        "Name":{"shape":"ResourceName"},
        "Arn":{"shape":"ResourceArn"}
      }
    },
    "RuleGroupResponse":{
      "type":"structure",
      "required":[
        "RuleGroupArn",
        "RuleGroupName"
      ],
      "members":{
        "RuleGroupArn":{"shape":"ResourceArn"},
        "RuleGroupName":{"shape":"ResourceName"},
        "Description":{"shape":"Description"},
        "Type":{"shape":"RuleGroupType"},
        "Capacity":{"shape":"RuleCapacity"},
        "RuleGroupStatus":{"shape":"ResourceStatus"},
        "Tags":{"shape":"TagList"}
      }
    },
    "RuleGroupType":{
      "type":"string",
      "enum":[
        "STATELESS",
        "STATEFUL"
      ]
    },
    "RuleGroups":{
      "type":"list",
      "member":{"shape":"RuleGroupMetadata"}
    },
    "RuleOption":{
      "type":"structure",
      "required":["Keyword"],
      "members":{
        "Keyword":{"shape":"Keyword"},
        "Settings":{"shape":"Settings"}
      }
    },
    "RuleOptions":{
      "type":"list",
      "member":{"shape":"RuleOption"}
    },
    "RuleTargets":{
      "type":"list",
      "member":{"shape":"CollectionMember_String"}
    },
    "RulesSource":{
      "type":"structure",
      "members":{
        "RulesString":{"shape":"RulesString"},
        "RulesSourceList":{"shape":"RulesSourceList"},
        "StatefulRules":{"shape":"StatefulRules"},
        "StatelessRulesAndCustomActions":{"shape":"StatelessRulesAndCustomActions"}
      }
    },
    "RulesSourceList":{
      "type":"structure",
      "required":[
        "Targets",
        "TargetType",
        "GeneratedRulesType"
      ],
      "members":{
        "Targets":{"shape":"RuleTargets"},
        "TargetType":{"shape":"TargetType"},
        "GeneratedRulesType":{"shape":"GeneratedRulesType"}
      }
    },
    "RulesString":{
      "type":"string",
      "max":1000000,
      "min":0
    },
    "Setting":{
      "type":"string",
      "max":8192,
      "min":1,
      "pattern":".*"
    },
    "Settings":{
      "type":"list",
      "member":{"shape":"Setting"}
    },
    "Source":{
      "type":"string",
      "max":1024,
      "min":1,
      "pattern":"^([\\p{L}\\p{Z}\\p{N}_.,!$/\\-\\[\\]]*)$"
    },
    "StatefulAction":{
      "type":"string",
      "enum":[
        "PASS",
        "DROP",
        "ALERT"
      ]
    },
    "StatefulRule":{
      "type":"structure",
      "required":[
        "Action",
        "Header",
        "RuleOptions"
      ],
      "members":{
        "Action":{"shape":"StatefulAction"},
        "Header":{"shape":"Header"},
        "RuleOptions":{"shape":"RuleOptions"}
      }
    },
    "StatefulRuleDirection":{
      "type":"string",
      "enum":[
        "FORWARD",
        "ANY"
      ]
    },
    "StatefulRuleGroupReference":{
      "type":"structure",
      "required":["ResourceArn"],
      "members":{
        "ResourceArn":{"shape":"ResourceArn"}
      }
    },
    "StatefulRuleGroupReferences":{
      "type":"list",
      "member":{"shape":"StatefulRuleGroupReference"}
    },
    "StatefulRuleProtocol":{
      "type":"string",
      "enum":[
        "IP",
        "TCP",
        "UDP",
        "ICMP",
        "HTTP",
        "FTP",
        "TLS",
        "SMB",
        "DNS",
        "DCERPC",
        "SSH",
        "SMTP",
        "IMAP",
        "MSN",
        "KRB5",
        "IKEV2",
        "TFTP",
        "NTP",
        "DHCP"
      ]
    },
    "StatefulRules":{
      "type":"list",
      "member":{"shape":"StatefulRule"}
    },
    "StatelessActions":{
      "type":"list",
      "member":{"shape":"CollectionMember_String"}
    },
    "StatelessRule":{
      "type":"structure",
      "required":[
        "RuleDefinition",
        "Priority"
      ],
      "members":{
        "RuleDefinition":{"shape":"RuleDefinition"},
        "Priority":{"shape":"Priority"}
      }
    },
    "StatelessRuleGroupReference":{
      "type":"structure",
      "required":[
        "ResourceArn",
        "Priority"
      ],
      "members":{
        "ResourceArn":{"shape":"ResourceArn"},
        "Priority":{"shape":"Priority"}
      }
    },
    "StatelessRuleGroupReferences":{
      "type":"list",
      "member":{"shape":"StatelessRuleGroupReference"}
    },
    "StatelessRules":{
      "type":"list",
      "member":{"shape":"StatelessRule"}
    },
    "StatelessRulesAndCustomActions":{
      "type":"structure",
      "required":["StatelessRules"],
      "members":{
        "StatelessRules":{"shape":"StatelessRules"},
        "CustomActions":{"shape":"CustomActions"}
      }
    },
    "StatusReason":{"type":"string"},
    "SubnetMapping":{
      "type":"structure",
      "required":[
        "SubnetId",
        "RequestedCapacity"
      ],
      "members":{
        "SubnetId":{"shape":"CollectionMember_String"},
        "RequestedCapacity":{"shape":"CollectionMember_String"}
      }
    },
    "SubnetMappings":{
      "type":"list",
      "member":{"shape":"SubnetMapping"}
    },
    "SyncState":{
      "type":"structure",
      "members":{
        "Attachment":{"shape":"Attachment"},
        "Config":{"shape":"SyncStateConfig"}
      }
    },
    "SyncStateConfig":{
      "type":"map",
      "key":{"shape":"ResourceName"},
      "value":{"shape":"PerObjectStatus"}
    },
    "SyncStates":{
      "type":"map",
      "key":{"shape":"AvailabilityZone"},
      "value":{"shape":"SyncState"}
    },
    "TCPFlag":{
      "type":"string",
      "enum":[
        "FIN",
        "SYN",
        "RST",
        "PSH",
        "ACK",
        "URG",
        "ECE",
        "CWR"
      ]
    },
    "TCPFlagField":{
      "type":"structure",
      "required":["Flags"],
      "members":{
        "Flags":{"shape":"Flags"},
        "Masks":{"shape":"Flags"}
      }
    },
    "TCPFlags":{
      "type":"list",
      "member":{"shape":"TCPFlagField"}
    },
    "Tag":{
      "type":"structure",
      "required":[
        "Key",
        "Value"
      ],
      "members":{
        "Key":{"shape":"TagKey"},
        "Value":{"shape":"TagValue"}
      }
    },
    "TagKey":{
      "type":"string",
      "max":128,
      "min":1,
      "pattern":"^([\\p{L}\\p{Z}\\p{N}_.:/=+\\-@]*)$"
    },
    "TagKeyList":{
      "type":"list",
      "member":{"shape":"TagKey"},
      "max":200,
      "min":1
    },
    "TagList":{
      "type":"list",
      "member":{"shape":"Tag"},
      "max":200,
      "min":1
    },
    "TagResourceRequest":{
      "type":"structure",
      "required":[
        "ResourceARN",
        "Tags"
      ],
      "members":{
        "ResourceARN":{"shape":"ResourceArn"},
        "Tags":{"shape":"TagList"}
      }
    },
    "TagResourceResponse":{
      "type":"structure",
      "members":{
      }
    },
    "TagValue":{
      "type":"string",
      "max":256,
      "min":0,
      "pattern":"^([\\p{L}\\p{Z}\\p{N}_.:/=+\\-@]*)$"
    },
    "TargetType":{
      "type":"list",
      "member":{"shape":"TargetTypes"}
    },
    "TargetTypes":{
      "type":"string",
      "enum":[
        "TLS_SNI",
        "HTTP_HOST"
      ]
    },
    "ThrottlingException":{
      "type":"structure",
      "members":{
        "Message":{"shape":"ErrorMessage"}
      },
      "exception":true
    },
    "UnsupportedOperationException":{
      "type":"structure",
      "members":{
        "Message":{"shape":"ErrorMessage"}
      },
      "exception":true
    },
    "UntagResourceRequest":{
      "type":"structure",
      "required":[
        "ResourceARN",
        "TagKeys"
      ],
      "members":{
        "ResourceARN":{"shape":"ResourceArn"},
        "TagKeys":{"shape":"TagKeyList"}
      }
    },
    "UntagResourceResponse":{
      "type":"structure",
      "members":{
      }
    },
    "UpdateDeleteProtectionRequest":{
      "type":"structure",
      "required":["DeleteProtection"],
      "members":{
        "FirewallArn":{"shape":"ResourceArn"},
        "FirewallName":{"shape":"ResourceName"},
        "DeleteProtection":{"shape":"Boolean"},
        "UpdateToken":{"shape":"UpdateToken"}
      }
    },
    "UpdateDeleteProtectionResponse":{
      "type":"structure",
      "members":{
        "Firewall":{"shape":"Firewall"},
        "FirewallStatus":{"shape":"FirewallStatus"},
        "UpdateToken":{"shape":"UpdateToken"}
      }
    },
    "UpdateDescriptionRequest":{
      "type":"structure",
      "members":{
        "FirewallArn":{"shape":"ResourceArn"},
        "FirewallName":{"shape":"ResourceName"},
        "Description":{"shape":"Description"},
        "UpdateToken":{"shape":"UpdateToken"}
      }
    },
    "UpdateDescriptionResponse":{
      "type":"structure",
      "members":{
        "Firewall":{"shape":"Firewall"},
        "FirewallStatus":{"shape":"FirewallStatus"},
        "UpdateToken":{"shape":"UpdateToken"}
      }
    },
    "UpdateFirewallPolicyRequest":{
      "type":"structure",
      "required":[
        "FirewallPolicy",
        "UpdateToken"
      ],
      "members":{
        "FirewallPolicyArn":{"shape":"ResourceArn"},
        "FirewallPolicyName":{"shape":"ResourceName"},
        "FirewallPolicy":{"shape":"FirewallPolicy"},
        "Description":{"shape":"Description"},
        "UpdateToken":{"shape":"UpdateToken"},
        "DryRun":{"shape":"Boolean"}
      }
    },
    "UpdateFirewallPolicyResponse":{
      "type":"structure",
      "required":[
        "FirewallPolicyResponse",
        "UpdateToken"
      ],
      "members":{
        "FirewallPolicyResponse":{"shape":"FirewallPolicyResponse"},
        "UpdateToken":{"shape":"UpdateToken"}
      }
    },
    "UpdateLoggingConfigurationRequest":{
      "type":"structure",
      "members":{
        "FirewallArn":{"shape":"ResourceArn"},
        "FirewallName":{"shape":"ResourceName"},
        "LoggingConfiguration":{"shape":"LoggingConfiguration"},
        "UpdateToken":{"shape":"UpdateToken"}
      }
    },
    "UpdateLoggingConfigurationResponse":{
      "type":"structure",
      "members":{
        "Firewall":{"shape":"Firewall"},
        "FirewallStatus":{"shape":"FirewallStatus"},
        "UpdateToken":{"shape":"UpdateToken"}
      }
    },
    "UpdateRuleGroupRequest":{
      "type":"structure",
      "required":["UpdateToken"],
      "members":{
        "RuleGroupArn":{"shape":"ResourceArn"},
        "RuleGroupName":{"shape":"ResourceName"},
        "RuleGroup":{"shape":"RuleGroup"},
        "Rules":{"shape":"RulesString"},
        "Type":{"shape":"RuleGroupType"},
        "Description":{"shape":"Description"},
        "UpdateToken":{"shape":"UpdateToken"},
        "DryRun":{"shape":"Boolean"}
      }
    },
    "UpdateRuleGroupResponse":{
      "type":"structure",
      "required":[
        "RuleGroupResponse",
        "UpdateToken"
      ],
      "members":{
        "RuleGroupResponse":{"shape":"RuleGroupResponse"},
        "UpdateToken":{"shape":"UpdateToken"}
      }
    },
    "UpdateToken":{
      "type":"string",
      "max":1024,
      "min":1,
      "pattern":"^([\\p{L}\\p{Z}\\p{N}_.:/=+\\-@]*)$"
    },
    "VpcId":{
      "type":"string",
      "max":128,
      "min":1,
      "pattern":"^([\\p{L}\\p{N}_.:/=+\\-@]*)$"
    },
    "VpcIds":{
      "type":"list",
      "member":{"shape":"VpcId"}
    }
  }
}
